date,clones,unique_cloners,views,unique_visitors,ci_checkouts,clones_not_ci
2026-09-20,522,158,342,16,107,415
2026-09-21,103,41,153,57,13,90
2026-09-22,228,95,715,335,37,191
2026-09-23,1104,286,807,169,219,885
2026-09-24,1129,314,566,155,177,952
2026-09-25,1588,352,610,75,539,1049
2026-09-26,758,240,292,57,223,535
2026-09-27,138,77,610,397,8,130
2026-09-28,161,124,2432,1489,16,145
2026-09-29,95,88,667,408,0,95
2026-09-30,157,79,637,331,36,121
2026-10-01,74,60,510,247,0,74
2026-10-02,130,70,469,280,12,118
2026-10-03,576,270,2622,1470,157,419
2026-10-04,1839,444,2055,800,630,1209
2026-10-05,2219,493,2919,1400,1044,1175
2026-10-06,946,261,932,306,423,523
2026-10-07,1087,235,884,240,590,497
2026-10-08,1735,313,954,276,992,743
2026-10-09,444,226,1531,1063,86,358
